,RegionName,City,State,Metro,CountyName,SizeRank,2010-01,2010-02,2010-03,2010-04,2010-05,2010-06,2010-07,2010-08,2010-09,2010-10,2010-11,2010-12,2011-01,2011-02,2011-03,2011-04,2011-05,2011-06,2011-07,2011-08,2011-09,2011-10,2011-11,2011-12,2012-01,2012-02,2012-03,2012-04,2012-05,2012-06,2012-07,2012-08,2012-09,2012-10,2012-11,2012-12,2013-01,2013-02,2013-03,2013-04,2013-05,2013-06,2013-07,2013-08,2013-09,2013-10,2013-11,2013-12,2014-01,2014-02,2014-03,2014-04,2014-05,2014-06,2014-07,2014-08,2014-09,2014-10,2014-11,2014-12,2015-01,2015-02,2015-03,2015-04,2015-05,2015-06,2015-07,2015-08,2015-09,2015-10,2015-11,2015-12,2016-01,2016-02,2016-03,2016-04,2016-05,2016-06,2016-07,2016-08,2016-09,2016-10,2016-11,2016-12,2017-01,2017-02,2017-03,2017-04,2017-05,2017-06,2017-07,2017-08,2017-09,2017-10,2017-11,2017-12,2018-01
34,90046,Los Angeles,CA,Los Angeles-Long Beach-Anaheim,Los Angeles,35,,,,,,,,,,,,,,,,,,,,,,,,,,,,,,,,,,,,,,,,,,,,,,1095000.0,1100000.0,1142000.0,1199000.0,1249000.0,1297000.0,1100000.0,1197000.0,1199000.0,1250000.0,1199000.0,1199000.0,1150000.0,1124500.0,1150000.0,1149000.0,1197000.0,1150000.0,1200000.0,1250000.0,1290000.0,1195000.0,1149500.0,1196250.0,1349000.0,1297000.0,1299000.0,1397000.0,1397000.0,1325000.0,1295000.0,1295000.0,1299000.0,1395000.0,1499000.0,1399000.0,1400000.0,1399000.0,1385000.0,1312500.0,1368000.0,1499000.0,1399000.0,1475000.0,1450000.0,1487500.0,1399000.0,1400900.0,1635000.0,1592500.0,1699000.0,1679000.0
88,90044,Los Angeles,CA,Los Angeles-Long Beach-Anaheim,Los Angeles,89,,,,,,,,,,,,,,,,,,,,,,,,,,,,,,,,,,,,,,,,,,,,,,,254900.0,258948.5,250000.0,255000.0,266000.0,265000.0,269900.0,264995.0,270000.0,269000.0,277449.5,279900.0,265000.0,249950.0,279995.0,289000.0,289900.0,299000.0,300000.0,295500.0,307500.0,310000.0,315000.0,310000.0,316000.0,320000.0,319950.0,325000.0,325000.0,325000.0,339295.0,340000.0,348950.0,349950.0,345000.0,360000.0,350000.0,342021.0,349450.0,349000.0,355500.0,359900.0,369900.0,377000.0,389999.0,389999.0,399900.0,405000.0,410000.0,419000.0,419900.0
108,90026,Los Angeles,CA,Los Angeles-Long Beach-Anaheim,Los Angeles,109,,,,,,,,,,,,,,,,,,,,,,,,,,,,,,,,,,,,,,,,,,,,,,,715000.0,694000.0,694000.0,692000.0,691000.0,639000.0,672000.0,699000.0,744000.0,744000.0,725000.0,749000.0,699000.0,688700.0,699450.0,699000.0,714499.5,699000.0,744000.0,749000.0,778200.0,729000.0,749999.0,785000.0,795000.0,795000.0,797000.0,799000.0,799000.0,779000.0,779000.0,754500.0,750000.0,775000.0,789000.0,759000.0,785000.0,796500.0,823500.0,799000.0,849000.0,883500.0,890000.0,889000.0,899000.0,899000.0,944000.0,989000.0,939000.0,944000.0,899990.0
139,90066,Los Angeles,CA,Los Angeles-Long Beach-Anaheim,Los Angeles,140,,,,,,,,,,,,,,,,,,,,,,,,,,,,,,,,,,,,,,,,,,,,,,,,,,,,,,,,,,,,,,1129000.0,1095000.0,1069000.0,1050000.0,1070500.0,1100000.0,1049000.0,1149000.0,1150000.0,1134500.0,1195000.0,1195000.0,1097000.0,1199000.0,1199000.0,1200000.0,1162500.0,1199000.0,1199000.0,1272000.0,1322500.0,1297000.0,1224500.0,1295000.0,1395000.0,1349000.0,1349000.0,1325000.0,1385000.0,1349000.0,1315000.0,1349499.5,1349000.0,1357500.0,1399000.0,1399000.0
168,90019,Los Angeles,CA,Los Angeles-Long Beach-Anaheim,Los Angeles,169,,,,,,,,,,,,,,,,,,,,,,,,,,,,,,,,,,,,,,,,,,,,,,,756500.0,829000.0,729000.0,739000.0,734000.0,749000.0,799000.0,749000.0,799450.0,784500.0,814000.0,799000.0,775000.0,720000.0,788250.0,830000.0,797000.0,799900.0,839000.0,849000.0,829000.0,799900.0,850000.0,827000.0,827000.0,802450.0,799450.0,849000.0,845000.0,849000.0,849000.0,870000.0,899000.0,899000.0,894000.0,925000.0,929000.0,924000.0,899500.0,899000.0,929000.0,993000.0,1033000.0,1000000.0,1070000.0,1095000.0,1125000.0,1150000.0,1190000.0,1150000.0,1150000.0
224,90004,Los Angeles,CA,Los Angeles-Long Beach-Anaheim,Los Angeles,225,,,,,,,,,,,,,,,,,,,,,,,,,,,,,,,,,,,,,,,,,,,,,,,,,,,,,,,,,,,,,,,,,,,,,,1178000.0,1119000.0,1124000.0,950000.0,869000.0,947000.0,939000.0,899000.0,957500.0,1089500.0,1174000.0,1070000.0,1049000.0,1050000.0,1149500.0,980000.0,977000.0,1112000.0,964500.0,998000.0,979000.0,1125000.0,1100000.0,1197500.0,1249000.0,1350000.0,1475000.0,1300000.0
240,91342,Los Angeles,CA,Los Angeles-Long Beach-Anaheim,Los Angeles,240,,,,,,,,,,,,,,,,,,,,,,,,,,,,,,,,,,,,,,,,,,,,,,,365000.0,375000.0,369950.0,375000.0,375000.0,375900.0,375900.0,379999.0,377900.0,379900.0,375000.0,380000.0,385000.0,376900.0,386700.0,385000.0,389900.0,389999.5,399900.0,399993.0,399997.0,399838.5,405000.0,419900.0,420000.0,420000.0,424900.0,410000.0,419900.0,434950.0,445000.0,440000.0,440000.0,439998.5,442500.0,450000.0,455000.0,456569.0,450000.0,459777.0,465000.0,469900.0,479000.0,483950.0,488388.5,489990.0,484950.0,490000.0,491900.0,491900.0,494900.0
265,90011,Los Angeles,CA,Los Angeles-Long Beach-Anaheim,Los Angeles,266,,,,,,,,,,,,,,,,,,,,,,,,,,,,,,,,,,,,,,,,,,,,,,,,,,,,,,,,,,,,,,,,,,,,,,,,,316500.0,304500.0,325000.0,320000.0,325000.0,315000.0,320000.0,320000.0,330000.0,335000.0,339999.0,339999.0,359499.5,359999.5,365000.0,360000.0,360000.0,349999.5,350000.0,350000.0,360000.0,364250.0,367700.0,350000.0,363000.0
273,90025,Los Angeles,CA,Los Angeles-Long Beach-Anaheim,Los Angeles,274,,,,,,,,,,,,,,,,,,,,,,,,,,,,,,,,,,,,,,,699900.0,720000.0,725000.0,725000.0,734000.0,699000.0,695000.0,699500.0,700000.0,687000.0,699750.0,715000.0,729000.0,729000.0,735000.0,739000.0,749000.0,739500.0,769000.0,769000.0,748000.0,745000.0,699000.0,739900.0,794000.0,799000.0,809250.0,819000.0,809475.0,822450.0,795600.0,799000.0,790000.0,838500.0,799000.0,799000.0,808000.0,829000.0,839000.0,824000.0,829000.0,850000.0,829000.0,829000.0,845000.0,880000.0,889000.0,894500.0,899000.0,899000.0,889500.0,896500.0,899000.0,935000.0,899000.0,899000.0,944000.0,1050000.0,1075000.0
277,90027,Los Angeles,CA,Los Angeles-Long Beach-Anaheim,Los Angeles,278,,,,,,,,,,,,,,,,,,,,,,,,,,,,,,,,,,,,,,,,,,,,,,,1396500.0,1445000.0,1309500.0,1400000.0,1329000.0,1324500.0,1326500.0,1350000.0,1284000.0,1287000.0,1239000.0,1379000.0,1337500.0,1375000.0,1250000.0,1169000.0,1225000.0,1377000.0,1599000.0,1422000.0,1383500.0,1597000.0,1624000.0,1399000.0,1349000.0,1390000.0,1524000.0,1550000.0,1499000.0,1465000.0,1399000.0,1425000.0,1449000.0,1475000.0,1452000.0,1557500.0,1499000.0,1499000.0,1499000.0,1499000.0,1553944.0,1569000.0,1574000.0,1625000.0,1674500.0,1600000.0,1392000.0,1599000.0,1790000.0,1850000.0,1770000.0
295,91335,Los Angeles,CA,Los Angeles-Long Beach-Anaheim,Los Angeles,296,,,,,,,,,,,,,,,,,,,,,,,,,,,,,,,,,,,,,,,,,,,,,,,398750.0,399000.0,390000.0,399999.0,399000.0,416250.0,419000.0,419000.0,424900.0,429000.0,412000.0,407500.0,425000.0,415000.0,400000.0,419500.0,419985.0,420000.0,435000.0,435000.0,435000.0,429900.0,439900.0,443000.0,441000.0,450000.0,439900.0,439950.0,439999.0,449999.0,455000.0,465000.0,478750.0,485000.0,485000.0,475000.0,479945.0,479000.0,485000.0,485000.0,489000.0,499950.0,519900.0,520000.0,519000.0,519950.0,525000.0,539000.0,532499.5,532499.5,532499.5
297,90731,Los Angeles,CA,Los Angeles-Long Beach-Anaheim,Los Angeles,298,,,,,,,,,,,,,,,,,,,,,,,,,,,,,,,,,,,,,,,,,,,,,,,,,,,,,,497450.0,489000.0,499900.0,459000.0,479000.0,490000.0,449000.0,475000.0,489900.0,459500.0,459000.0,485000.0,499000.0,489000.0,494450.0,499900.0,517000.0,487450.0,522500.0,525000.0,525000.0,540000.0,489000.0,499000.0,499900.0,525900.0,549000.0,572000.0,569000.0,549000.0,549250.0,549950.0,549250.0,549700.0,574999.0,597000.0,569000.0,560000.0,559900.0,549500.0,549000.0,549000.0,559900.0,569450.0
535,90036,Los Angeles,CA,Los Angeles-Long Beach-Anaheim,Los Angeles,536,,,,,,,,,,,,,,,,,,,,,,,,,,,,,,,,,,,,,,,,,,,,,,,,,,,,,,,,,,,,,,,,,,1399000.0,1395000.0,1425000.0,1349450.0,1385000.0,1395000.0,1450000.0,1395000.0,1349950.0,1346500.0,1499000.0,1612500.0,1472500.0,1650000.0,1714500.0,1750000.0,1749000.0,1749000.0,1729000.0,1677523.0,1637000.0,1637000.0,1649000.0,1597000.0,1599000.0,1644500.0,1699999.0,1600000.0,1664000.0,1774500.0,1774500.0,1795000.0
566,91331,Los Angeles,CA,Los Angeles-Long Beach-Anaheim,Los Angeles,567,,,,,,,,,,,,,,,,,,,,,,,,,,,,,,,,,,,,,,,,,,,,,,,329450.0,330000.0,339900.0,349950.0,349000.0,342450.0,350000.0,349974.5,345000.0,345250.0,347250.0,349900.0,348500.0,339999.0,339949.5,349000.0,349999.5,349974.5,349999.0,350000.0,360000.0,359000.0,360000.0,356500.0,371500.0,373000.0,373000.0,382475.0,397900.0,399999.0,400000.0,399974.5,399900.0,399900.0,399950.0,399950.0,410000.0,419000.0,425000.0,429000.0,425000.0,424250.0,425000.0,419900.0,425000.0,438963.0,459000.0,442900.0,440000.0,449949.5,455000.0
587,90042,Los Angeles,CA,Los Angeles-Long Beach-Anaheim,Los Angeles,588,,,,,,,,,,,,,,,,,,,,,,,,,,,,,,,,,,,,,,,,,,,,,,,450000.0,432450.0,449500.0,478033.0,489000.0,480000.0,490000.0,486950.0,498750.0,499000.0,499000.0,499000.0,499995.0,475000.0,487000.0,499000.0,500000.0,514500.0,550000.0,570000.0,569000.0,550000.0,565000.0,532000.0,549000.0,579000.0,570000.0,587500.0,599450.0,619500.0,607500.0,599000.0,599000.0,596750.0,599000.0,600000.0,640000.0,628450.0,647000.0,610000.0,625000.0,648000.0,659000.0,650000.0,644500.0,640000.0,675000.0,691500.0,677000.0,688000.0,675000.0
704,90006,Los Angeles,CA,Los Angeles-Long Beach-Anaheim,Los Angeles,705,,,,,,,,,,,,,,,,,,,,,,,,,,,,,,,,,,,,,,,,,,,,,,,469000.0,462000.0,450000.0,450000.0,459000.0,485000.0,499000.0,495000.0,527000.0,521950.0,519000.0,504000.0,509000.0,539000.0,525000.0,502000.0,527000.0,529000.0,529000.0,510000.0,529000.0,535000.0,539000.0,539000.0,538000.0,577500.0,579394.0,579394.0,549000.0,569000.0,573944.0,595000.0,599900.0,599500.0,599000.0,589000.0,599450.0,649000.0,649000.0,609000.0,649200.0,619000.0,619750.0,599000.0,612750.0,615750.0,641750.0,647750.0,649750.0,659750.0,664000.0
778,90028,Los Angeles,CA,Los Angeles-Long Beach-Anaheim,Los Angeles,779,,,,,,,,,,,,,,,,,,,,,,,,,,,,,,,,,,,,,,,,,,,,,,,,,,,,,,,,,,,,,,808168.0,797990.0,744990.0,749000.0,734990.0,788000.0,799000.0,799000.0,837450.0,799900.0,850000.0,789000.0,792000.0,799000.0,775000.0,777000.0,850000.0,849000.0,849000.0,799000.0,850000.0,850000.0,869999.0,945000.0,975000.0,985000.0,914000.0,929000.0,1018500.0,995000.0,999000.0,1049000.0,1159000.0,1199000.0,1199000.0,1224500.0
864,91402,Los Angeles,CA,Los Angeles-Long Beach-Anaheim,Los Angeles,865,,,,,,,,,,,,,,,,,,,,,,,,,,,,,,,,,,,,,,,,,,,,,,,,,,314000.0,295000.0,310000.0,325000.0,299000.0,320000.0,299450.0,337750.0,339450.0,322450.0,299500.0,310000.0,354500.0,337466.5,325000.0,310000.0,342466.5,349000.0,354950.0,359900.0,325000.0,345000.0,322500.0,339900.0,329900.0,345000.0,335000.0,340000.0,340000.0,334950.0,325750.0,335000.0,349999.0,370000.0,347500.0,367500.0,354950.0,360000.0,337449.5,349900.0,340000.0,350000.0,389000.0,399000.0,400000.0,397499.5,394999.0,432500.0
890,91367,Los Angeles,CA,Los Angeles-Long Beach-Anaheim,Los Angeles,891,,,,,,,,,,,,,,,,,,,,,,,,,,,,,,,,,,,,,,,,,,,,,,,582425.0,580000.0,599000.0,539950.0,539000.0,588700.0,625000.0,628000.0,599900.0,599000.0,625000.0,629900.0,637000.0,644450.0,587500.0,587000.0,610000.0,599500.0,589000.0,600000.0,608400.0,607450.0,624999.5,639950.0,649000.0,679950.0,637000.0,649000.0,654000.0,692000.0,649000.0,639999.0,649000.0,649000.0,659000.0,664000.0,639999.0,660000.0,651750.0,679999.0,699999.0,749900.0,699000.0,699949.5,699900.0,699900.0,712500.0,749000.0,739450.0,769500.0,769500.0
925,90049,Los Angeles,CA,Los Angeles-Long Beach-Anaheim,Los Angeles,926,,,,,,,,,,,,,,,,,,,,,,,,,,,,,,,,,,,,,,,,,1750000.0,1699999.0,1792000.0,1650000.0,1795000.0,1795000.0,1900000.0,1795000.0,1724000.0,1699000.0,1697000.0,1895000.0,1895000.0,1837000.0,1737500.0,1595000.0,1650000.0,1599000.0,1845000.0,1775000.0,1755000.0,1897500.0,1970000.0,1995000.0,2022497.5,1949000.0,1997000.0,1995000.0,2047000.0,2195000.0,2095000.0,1999000.0,1995000.0,2249000.0,2349500.0,2497500.0,2597500.0,2395000.0,2300000.0,2295000.0,2300000.0,2543000.0,2595000.0,2747000.0,2799000.0,2598000.0,2499000.0,2595000.0,2772500.0,2795000.0,2757500.0,2850000.0,2699500.0,2895000.0,2895000.0,2872500.0,2995000.0
995,91406,Los Angeles,CA,Los Angeles-Long Beach-Anaheim,Los Angeles,996,,,,,,,,,,,,,,,,,,,,,,,,,,,,,,,,,,,,,,,,,,,,,,,402475.0,434700.0,419499.5,435000.0,434500.0,439900.0,439925.0,439900.0,440000.0,439000.0,434000.0,432450.0,439000.0,419000.0,419950.0,435000.0,437000.0,474500.0,492000.0,495000.0,479900.0,489450.0,489000.0,499900.0,499900.0,495000.0,499950.0,519000.0,524999.0,524999.5,525000.0,535000.0,532450.0,539000.0,539975.0,545000.0,544900.0,539900.0,545000.0,549250.0,562475.0,549000.0,549475.0,549990.0,549950.0,550000.0,559900.0,549975.0,560000.0,560000.0,587000.0
1102,91601,Los Angeles,CA,Los Angeles-Long Beach-Anaheim,Los Angeles,1103,,,,,,,,,,,,,,,,,,,,,,,,,,,,,,,,,,,,,,,,,,,,,,,488000.0,475000.0,439000.0,477000.0,479000.0,499900.0,517499.5,544500.0,559000.0,534450.0,499999.0,499000.0,499000.0,488120.0,492737.5,529550.0,499000.0,549000.0,599990.0,613000.0,549900.0,589000.0,609500.0,599999.5,575000.0,550000.0,572000.0,599000.0,625000.0,683500.0,697000.0,719000.0,699000.0,609928.0,599900.0,599900.0,599000.0,599000.0,599000.0,599000.0,599000.0,618250.0,665000.0,649000.0,649900.0,719500.0,704999.5,715000.0,697000.0,725000.0,750000.0
1130,91405,Los Angeles,CA,Los Angeles-Long Beach-Anaheim,Los Angeles,1131,,,,,,,,,,,,,,,,,,,,,,,,,,,,,,,,,,,,,,,,,,,,,,,430000.0,415000.0,411500.0,407450.0,405000.0,399450.0,399994.5,407990.0,421945.0,412450.0,424812.0,413945.0,412990.0,379900.0,399990.0,399945.0,416990.0,416990.0,441495.0,441495.0,459900.0,471500.0,474900.0,478995.0,463314.0,459000.0,450000.0,459000.0,469445.0,462990.0,463990.0,482900.0,495900.0,499900.0,499900.0,492900.0,485000.0,492445.0,492445.0,440000.0,485000.0,489450.0,499900.0,504500.0,499475.0,500000.0,500000.0,499900.0,494000.0,499975.0,499950.0
1170,90018,Los Angeles,CA,Los Angeles-Long Beach-Anaheim,Los Angeles,1171,,,,,,,,,,,,,,,,,,,,,,,,,,,,,,,,,,,,,,,,,,,,,,,,,424950.0,375000.0,375000.0,395000.0,397450.0,399999.0,380000.0,379000.0,385000.0,399999.0,402500.0,375000.0,407500.0,422499.5,429997.0,450000.0,452500.0,472450.0,495000.0,499000.0,475000.0,475000.0,499450.0,532450.0,529500.0,525000.0,499499.5,499000.0,499000.0,515000.0,563000.0,579000.0,579450.0,599999.0,628000.0,659450.0,639999.5,627450.0,637450.0,637949.5,660000.0,629450.0,639999.5,627000.0,649450.0,640000.0,649000.0,640000.0,659500.0
1177,90003,Los Angeles,CA,Los Angeles-Long Beach-Anaheim,Los Angeles,1178,,,,,,,,,,,,,,,,,,,,,,,,,,,,,,,,,,,,,,,,,,,,,,,249000.0,249990.0,239900.0,239000.0,239450.0,252450.0,249950.0,248000.0,259000.0,252950.0,259000.0,253000.0,249000.0,255900.0,262500.0,269950.0,272500.0,270000.0,265000.0,265000.0,272500.0,285000.0,289000.0,292995.0,280000.0,280000.0,280000.0,295990.0,294990.0,287944.0,289000.0,290000.0,297495.0,299000.0,319000.0,319450.0,316700.0,320000.0,335000.0,339950.0,344950.0,345444.0,348950.0,339950.0,339000.0,345000.0,340000.0,349888.0,345000.0,345000.0,349900.0
1186,91343,Los Angeles,CA,Los Angeles-Long Beach-Anaheim,Los Angeles,1187,,,,,,,,,,,,,,,,,,,,,,,,,,,,,,,,,,,,,,,,,,,,,,,400000.0,408750.0,402500.0,410000.0,410000.0,409000.0,424950.0,429950.0,429974.5,424950.0,427000.0,419900.0,399949.5,422450.0,408000.0,425000.0,440000.0,459000.0,449475.0,460000.0,469950.0,467700.0,459000.0,449975.0,444950.0,449900.0,459000.0,479000.0,475000.0,475000.0,489950.0,476499.5,499000.0,515250.0,515500.0,517725.0,525000.0,524250.0,519999.5,524250.0,540425.0,545000.0,549925.0,545000.0,545000.0,569700.0,569950.0,569900.0,569000.0,569900.0,559000.0
1192,90047,Los Angeles,CA,Los Angeles-Long Beach-Anaheim,Los Angeles,1192,,,,,,,,,,,,,,,,,,,,,,,,,,,,,,,,,,,,,,,,,,,,,,,289950.0,289900.0,290000.0,299000.0,299900.0,314000.0,313500.0,319950.0,319900.0,315000.0,309000.0,310000.0,305000.0,299000.0,309997.5,310000.0,319750.0,340000.0,342500.0,335000.0,335000.0,330000.0,335000.0,349325.0,350000.0,349750.0,359999.5,360000.0,364950.0,369800.0,369731.5,370000.0,385000.0,369450.0,384500.0,385500.0,395900.0,399000.0,406500.0,413900.0,414474.0,416411.0,425000.0,425000.0,429450.0,440000.0,440000.0,450000.0,459900.0,469000.0,472450.0
1210,90016,Los Angeles,CA,Los Angeles-Long Beach-Anaheim,Los Angeles,1211,,,,,,,,,,,,,,,,,,,,,,,,,,,,,,,,,,,,,,,,,,,,,,,392500.0,419000.0,357000.0,399950.0,387450.0,444000.0,425000.0,425000.0,422450.0,409000.0,424500.0,438000.0,450000.0,419900.0,400000.0,422250.0,429000.0,439000.0,450000.0,450000.0,459000.0,459000.0,465000.0,498000.0,499000.0,509000.0,492500.0,530000.0,585000.0,592000.0,535000.0,539500.0,539500.0,560000.0,560000.0,575000.0,564950.0,567500.0,579999.5,575000.0,580000.0,639000.0,659000.0,650000.0,645000.0,644000.0,644000.0,697500.0,720000.0,724999.0,729990.0
1234,90045,Los Angeles,CA,Los Angeles-Long Beach-Anaheim,Los Angeles,1235,,,,,,,,,,,,,,,,,,,,,,,,,,,,,,,,,,,,,,,,,,,,,,,735000.0,749000.0,712000.0,727000.0,799000.0,799000.0,782500.0,799000.0,822500.0,839900.0,839900.0,829000.0,829000.0,829000.0,847018.5,839000.0,829000.0,842000.0,847000.0,871500.0,892000.0,899000.0,859000.0,899000.0,953999.5,924500.0,895000.0,899000.0,899950.0,964000.0,999000.0,1023500.0,1085000.0,999000.0,999000.0,999000.0,999000.0,999000.0,1074900.0,1099000.0,1089000.0,1199000.0,1165000.0,1195000.0,1199500.0,1199000.0,1199000.0,1159000.0,1249000.0,1249000.0,1297000.0
1239,90043,Los Angeles,CA,Los Angeles-Long Beach-Anaheim,Los Angeles,1240,,,,,,,,,,,,,,,,,,,,,,,,,,,,,,,,,,,,,,,,,,,,,,,359500.0,372000.0,377000.0,350000.0,349900.0,339500.0,379950.0,375000.0,380000.0,389500.0,394500.0,385000.0,369949.5,375500.0,389000.0,422498.5,399000.0,453000.0,479000.0,468888.0,465000.0,452250.0,425000.0,417000.0,415000.0,427000.0,459000.0,469450.0,459000.0,425000.0,427500.0,439900.0,435000.0,425000.0,499000.0,512499.0,535000.0,554500.0,564500.0,579950.0,585000.0,572500.0,599000.0,607612.5,612450.0,600000.0,599900.0,599900.0,595000.0,589900.0,599250.0
1242,91304,Los Angeles,CA,Los Angeles-Long Beach-Anaheim,Los Angeles,1243,,,,,,,,,,,,,,,,,,,,,,,,,,,,,,,,,,,,,,,,,,,,,,,499000.0,510000.0,489950.0,487000.0,489000.0,499450.0,487000.0,499000.0,525000.0,497000.0,509450.0,522450.0,499000.0,489900.0,537000.0,549000.0,549900.0,549000.0,534900.0,519000.0,520000.0,535000.0,499000.0,499994.0,499000.0,515450.0,524975.0,525000.0,579450.0,559550.0,549925.0,587000.0,598250.0,598250.0,599999.0,629900.0,632449.5,649000.0,649888.0,619000.0,619000.0,599925.0,625000.0,625000.0,647000.0,639950.0,659000.0,659500.0,665000.0,665000.0,649950.0
1248,90037,Los Angeles,CA,Los Angeles-Long Beach-Anaheim,Los Angeles,1247,,,,,,,,,,,,,,,,,,,,,,,,,,,,,,,,,,,,,,,,,,,,,,,293000.0,293000.0,254950.0,260000.0,269900.0,290000.0,287450.0,289950.0,298000.0,314950.0,325000.0,308950.0,299000.0,295000.0,325000.0,330000.0,330000.0,329950.0,335000.0,330000.0,330000.0,330000.0,335000.0,329900.0,326500.0,330000.0,325000.0,329950.0,330000.0,344499.5,350000.0,349450.0,350000.0,355000.0,364950.0,349000.0,350500.0,364950.0,381374.0,364950.0,425000.0,425000.0,399949.0,382000.0,398500.0,399999.0,399500.0,399000.0,399000.0,407500.0,394500.0
1315,90005,Los Angeles,CA,Los Angeles-Long Beach-Anaheim,Los Angeles,1315,,,,,,,,,,,,,,,,,,,,,,,,,,,,,,,,,,,,,,,,,,,,,,,,,,,,,,,676950.0,675000.0,629000.0,629000.0,599000.0,599000.0,678900.0,688000.0,687000.0,649000.0,639000.0,572000.0,650000.0,649000.0,649000.0,674500.0,662000.0,662000.0,699000.0,699000.0,620000.0,639000.0,694500.0,729000.0,729000.0,758000.0,749000.0,760000.0,758000.0,755000.0,732000.0,716500.0,748500.0,809500.0,755000.0,744000.0,739000.0,749500.0,824000.0,787000.0,754000.0,779000.0,799000.0
1330,91344,Los Angeles,CA,Los Angeles-Long Beach-Anaheim,Los Angeles,1331,,,,,,,,,,,,,,,,,,,,,,,,,,,,,,,,,,,,,,,,,,,,,,,497450.0,517500.0,507500.0,525000.0,465000.0,499999.0,499900.0,524950.0,535000.0,547000.0,539000.0,535000.0,499000.0,499000.0,499972.0,529000.0,529000.0,539890.0,539000.0,574500.0,569000.0,569925.0,565000.0,555000.0,549350.0,556500.0,561950.0,572200.0,569450.0,574900.0,576925.0,594475.0,594425.0,595000.0,592450.0,584950.0,579975.0,575000.0,582000.0,598500.0,599000.0,599450.0,630000.0,630000.0,622250.0,637475.0,637475.0,644499.5,649000.0,659950.0,650000.0
1571,91605,Los Angeles,CA,Los Angeles-Long Beach-Anaheim,Los Angeles,1572,,,,,,,,,,,,,,,,,,,,,,,,,,,,,,,,,,,,,,,,,,,,,,,387450.0,385000.0,399000.0,418000.0,399000.0,419000.0,399000.0,410950.0,399000.0,424900.0,420500.0,413500.0,429990.0,444950.0,445000.0,434500.0,416000.0,449944.0,449944.0,450000.0,440000.0,440000.0,447000.0,449250.0,449500.0,450000.0,449000.0,419000.0,410000.0,418499.5,439000.0,455000.0,426500.0,455000.0,480500.0,501219.5,525000.0,525000.0,500000.0,499000.0,549000.0,550000.0,529000.0,529900.0,542379.5,545000.0,540000.0,540000.0,540000.0,549000.0,539950.0
1749,90291,Los Angeles,CA,Los Angeles-Long Beach-Anaheim,Los Angeles,1750,,,,,,,,,,,,,,,,,,,,,,,,,,,,,,,,,,,,,,,,,,,,,1400000.0,1395000.0,1397000.0,1549000.0,1595000.0,1804999.5,1695000.0,1595000.0,1521250.0,1571500.0,1649750.0,1525000.0,1695000.0,1649500.0,1650000.0,1745000.0,1750000.0,1895000.0,1972500.0,1891000.0,1788000.0,1785000.0,1717000.0,1741500.0,1799000.0,1795000.0,1730000.0,1930000.0,1930000.0,1857500.0,1857000.0,1750000.0,1800000.0,1891000.0,1895000.0,1885000.0,1850000.0,1890000.0,1885000.0,1850000.0,1840000.0,1795000.0,1849000.0,2045000.0,2127000.0,2230000.0,2282000.0,1995000.0,2239000.0,2157500.0,1998000.0,2048500.0,2048500.0
1754,91606,Los Angeles,CA,Los Angeles-Long Beach-Anaheim,Los Angeles,1755,,,,,,,,,,,,,,,,,,,,,,,,,,,,,,,,,,,,,,,,,,,,,,,,,440000.0,457500.0,475000.0,479000.0,485000.0,469999.0,475000.0,475000.0,487920.0,460000.0,459000.0,422500.0,434000.0,449499.5,459000.0,462425.0,499950.0,499950.0,495000.0,525000.0,525000.0,525000.0,519915.0,499994.0,488749.5,499900.0,519000.0,510000.0,495000.0,477450.0,488378.5,499450.0,520000.0,549000.0,555000.0,552500.0,534950.0,535000.0,540000.0,549000.0,536378.5,552277.5,540000.0,567477.5,567477.5,579336.0,599450.0,616517.5,599000.0
1756,91423,Los Angeles,CA,Los Angeles-Long Beach-Anaheim,Los Angeles,1757,,,,,,,,,,,,,,,,,,,,,,,,,,,,,,,,,,,,,,,,,,,,,,,813000.0,879000.0,899000.0,849000.0,819475.0,819000.0,821950.0,849000.0,827000.0,832000.0,868000.0,814900.0,800000.0,788000.0,811550.0,849250.0,899000.0,999250.0,1135000.0,979450.0,943975.0,897950.0,885000.0,925000.0,944500.0,1084000.0,1079000.0,1124500.0,1099000.0,1099500.0,1185000.0,1157500.0,1179000.0,1150000.0,1150000.0,1099000.0,1109000.0,1099000.0,999499.5,1054000.0,1049000.0,995000.0,999000.0,1091750.0,1136500.0,1187000.0,1212500.0,1225000.0,1210000.0,1210000.0,1225000.0
1792,90065,Los Angeles,CA,Los Angeles-Long Beach-Anaheim,Los Angeles,1793,,,,,,,,,,,,,,,,,,,,,,,,,,,,,,,,,,,,,,,,,,,,,,,549900.0,550000.0,549000.0,539500.0,547000.0,539500.0,527500.0,529000.0,554500.0,582000.0,565000.0,598500.0,539000.0,498000.0,559000.0,549000.0,585000.0,610000.0,625000.0,629000.0,649499.5,659000.0,689000.0,698500.0,695000.0,697000.0,720000.0,695000.0,746500.0,760000.0,758000.0,765000.0,754500.0,759000.0,729000.0,727000.0,735000.0,775000.0,777000.0,779500.0,779500.0,774475.0,745000.0,729000.0,729000.0,756000.0,753000.0,775000.0,772000.0,768500.0,775000.0
1846,90292,Los Angeles,CA,Los Angeles-Long Beach-Anaheim,Los Angeles,1847,,,,,,,,,,,,,,,,,,,,,,,,,,,,,,,,,,,,775000.0,798995.0,849000.0,782500.0,785000.0,848000.0,825000.0,765000.0,759000.0,819000.0,755000.0,765000.0,795000.0,799450.0,839000.0,860000.0,839000.0,829000.0,829000.0,825000.0,839000.0,825000.0,849000.0,899000.0,869000.0,889500.0,850000.0,858250.0,865000.0,899000.0,900000.0,900000.0,995000.0,900000.0,882000.0,844500.0,875000.0,949000.0,924500.0,950000.0,949500.0,951750.0,951750.0,982000.0,1100000.0,1099000.0,999000.0,944000.0,935990.0,958500.0,949000.0,965000.0,999444.0,1049000.0,1099000.0,1089000.0,1082000.0,1017500.0,1099000.0,1099000.0,1200000.0,1277500.0
1935,90008,Los Angeles,CA,Los Angeles-Long Beach-Anaheim,Los Angeles,1936,,,,,,,,,,,,,,,,,,,,,,,,,,,,,,,,,,,,,,,,,,,,,,,482450.0,484450.0,472000.0,449900.0,439000.0,459500.0,450000.0,449000.0,446500.0,457450.0,525000.0,486000.0,512000.0,512244.0,520000.0,575000.0,579000.0,540000.0,549000.0,565000.0,541000.0,532500.0,519000.0,519000.0,599000.0,599000.0,637500.0,625000.0,625000.0,635000.0,625000.0,579000.0,650000.0,659500.0,649999.5,640000.0,659000.0,654500.0,669500.0,679000.0,672500.0,686975.0,710000.0,722499.5,700000.0,687000.0,699499.5,734950.0,747100.0,762100.0,739000.0
1955,91401,Los Angeles,CA,Los Angeles-Long Beach-Anaheim,Los Angeles,1956,,,,,,,,,,,,,,,,,,,,,,,,,,,,,,,,,,,,,,,,,,,,,,,640000.0,648500.0,626950.0,600000.0,579000.0,579000.0,552400.0,552500.0,592000.0,599000.0,599000.0,599950.0,599900.0,579950.0,589000.0,599949.5,590000.0,599995.0,642000.0,645000.0,612000.0,619900.0,679000.0,718500.0,724500.0,739900.0,739000.0,749000.0,729000.0,699975.0,699925.0,729000.0,729000.0,699997.0,699000.0,699000.0,699000.0,724500.0,729900.0,719000.0,719000.0,748900.0,749350.0,779000.0,794500.0,799000.0,749000.0,799000.0,783950.0,745000.0,750000.0
2019,91604,Los Angeles,CA,Los Angeles-Long Beach-Anaheim,Los Angeles,2020,,,,,,,,,,,,,,,,,,,,,,,,,,,,,,,,,,,,,,,,,,,,,,988000.0,957500.0,999450.0,1116500.0,999450.0,995000.0,1050000.0,1050000.0,1049500.0,1069000.0,999000.0,989000.0,977000.0,914475.0,969000.0,965000.0,979000.0,1055000.0,1092000.0,1095000.0,1100000.0,1183500.0,1249000.0,1295000.0,1195000.0,1110000.0,1125000.0,1225000.0,1199000.0,1182500.0,1172450.0,1239000.0,1200000.0,1235000.0,1270000.0,1177000.0,1250000.0,1198000.0,1199000.0,1200000.0,1250000.0,1265000.0,1295000.0,1297000.0,1275000.0,1250000.0,1257500.0,1270000.0,1280000.0,1225000.0,1250000.0,1449500.0
2224,91306,Los Angeles,CA,Los Angeles-Long Beach-Anaheim,Los Angeles,2225,,,,,,,,,,,,,,,,,,,,,,,,,,,,,,,,,,,,,,,,,,,,,,,407000.0,399950.0,403999.5,417000.0,425000.0,429000.0,425000.0,429900.0,447000.0,449500.0,455000.0,445000.0,425000.0,417000.0,417000.0,420000.0,435000.0,446250.0,445000.0,445000.0,447000.0,469000.0,469000.0,462500.0,460000.0,448800.0,445000.0,460000.0,465000.0,469000.0,462450.0,489000.0,499000.0,498950.0,489994.5,499000.0,499950.0,499999.0,519000.0,499999.0,508500.0,508000.0,509000.0,508500.0,517000.0,524900.0,520000.0,501410.0,509315.0,537450.0,537300.0
2253,90744,Los Angeles,CA,Los Angeles-Long Beach-Anaheim,Los Angeles,2253,,,,,,,,,,,,,,,,,,,,,,,,,,,,,,,,,,,,,,,,,,,,,,,299000.0,312500.0,299949.5,322500.0,322500.0,349950.0,336950.0,330700.0,343900.0,340000.0,342500.0,344800.0,334200.0,371750.0,325000.0,362450.0,339000.0,349950.0,350000.0,359000.0,358888.0,350000.0,352500.0,366350.0,367450.0,357900.0,352500.0,375950.0,384000.0,384900.0,388000.0,382000.0,370000.0,369999.0,369999.0,360000.0,386600.0,389000.0,399000.0,399000.0,425000.0,409999.0,429900.0,430000.0,429950.0,427000.0,425000.0,429450.0,435000.0,435000.0,433000.0
2255,91607,Los Angeles,CA,Los Angeles-Long Beach-Anaheim,Los Angeles,2256,,,,,,,,,,,,,,,,,,,,,,,,,,,,,,,,,,,,,,,,,,,,,,,689000.0,669000.0,669000.0,662449.5,649000.0,649000.0,649000.0,649950.0,625000.0,665000.0,675000.0,699000.0,685750.0,699000.0,709200.0,737000.0,735000.0,739125.0,749999.5,759945.0,727000.0,699999.0,664000.0,699000.0,726000.0,769990.0,699950.0,699000.0,772000.0,799000.0,805990.0,830995.0,849000.0,849950.0,799000.0,849475.0,850000.0,840000.0,850000.0,837950.0,857000.0,854500.0,865000.0,840500.0,882950.0,862500.0,885450.0,919500.0,924500.0,899000.0,892450.0
2313,90048,Los Angeles,CA,Los Angeles-Long Beach-Anaheim,Los Angeles,2314,,,,,,,,,,,,,,,,,,,,,,,,,,,,,,,,,,,,,,,,,,,,,,,,,,,,,,,,,,,,,,,,,1547000.0,1559000.0,1442500.0,1414500.0,1444000.0,1325000.0,1324000.0,1412000.0,1549000.0,1524000.0,1445000.0,1609500.0,1662500.0,1650000.0,1625000.0,1599000.0,1565000.0,1595000.0,1595000.0,1597475.0,1645000.0,1590000.0,1590000.0,1649888.0,1763309.0,1695000.0,1695000.0,1689000.0,1650000.0,1697000.0,1691900.0,1824500.0,1995000.0
2334,91311,Los Angeles,CA,Los Angeles-Long Beach-Anaheim,Los Angeles,2334,,,,,,,,,,,,,,,,,,,,,,,,,,,,,,,,,,,,,,,,,,,,,,,,,,,,478975.0,499000.0,499950.0,499957.5,499975.0,549000.0,525000.0,519950.0,499000.0,519000.0,534500.0,549999.0,549999.0,549999.0,555000.0,575000.0,575000.0,559900.0,549999.5,585000.0,590000.0,575000.0,555000.0,597102.0,561000.0,569000.0,555000.0,590600.0,599450.0,579900.0,605000.0,595000.0,597000.0,642000.0,622610.0,629000.0,688990.0,678999.0,645000.0,655444.0,655694.0,655173.5,665000.0,674900.0,659000.0,699000.0
2453,90068,Los Angeles,CA,Los Angeles-Long Beach-Anaheim,Los Angeles,2453,,,,,,,,,,,,,,,,,,,,,,,,,,,,,,,,,,,,,,,,,,,,,,,,,1299000.0,1254450.0,1229000.0,1295000.0,1349000.0,1275000.0,1249500.0,1244500.0,1249000.0,1249950.0,1249450.0,1349000.0,1299000.0,1349000.0,1411333.0,1395000.0,1385000.0,1300000.0,1295000.0,1290000.0,1272500.0,1299000.0,1300000.0,1342500.0,1302500.0,1265000.0,1209500.0,1220000.0,1295000.0,1295000.0,1399000.0,1439000.0,1412000.0,1495000.0,1499000.0,1569000.0,1524450.0,1562251.0,1579000.0,1599000.0,1599000.0,1595000.0,1599000.0,1599000.0,1695000.0,1686500.0,1695000.0,1695000.0,1695000.0
2490,90032,Los Angeles,CA,Los Angeles-Long Beach-Anaheim,Los Angeles,2491,,,,,,,,,,,,,,,,,,,,,,,,,,,,,,,,,,,,,,,,,,,,,,,347000.0,335000.0,345000.0,349999.0,349900.0,374900.0,385000.0,387000.0,398500.0,392000.0,380000.0,368000.0,372444.0,385000.0,375000.0,377000.0,394000.0,372500.0,375000.0,370000.0,387000.0,389906.0,432449.5,449900.0,429900.0,434800.0,469000.0,469000.0,462500.0,489000.0,499450.0,520000.0,528000.0,499900.0,499450.0,499000.0,495000.0,496500.0,480000.0,469500.0,482500.0,482500.0,549950.0,519000.0,549000.0,550000.0,550000.0,566500.0,575000.0,579999.5,599000.0
2568,90012,Los Angeles,CA,Los Angeles-Long Beach-Anaheim,Los Angeles,2569,,,,,,,,,,,,,,,,,,,,,,,,,,,,,,,,,,,,,,,,,,,,,,,,,,,475000.0,494000.0,485000.0,475000.0,489000.0,469000.0,499000.0,499000.0,525000.0,525000.0,479000.0,495000.0,469000.0,462450.0,454500.0,466500.0,479000.0,485250.0,479000.0,499000.0,535000.0,539500.0,539500.0,539500.0,539500.0,550000.0,558888.0,573894.0,625000.0,595000.0,579000.0,596500.0,599000.0,599900.0,609450.0,575000.0,545000.0,539000.0,572500.0,585000.0,575000.0,578000.0,598000.0,603950.0,569000.0,572000.0,548000.0
2891,91326,Los Angeles,CA,Los Angeles-Long Beach-Anaheim,Los Angeles,2892,,,,,,,,,,,,,,,,,,,,,,,,,,,,,,,,,,,,,,,,,,,,,,,,,,,,,,,,,,,,,,,,699900.0,699000.0,699000.0,699000.0,714500.0,710000.0,749999.0,781026.0,773725.0,781772.5,759000.0,783013.0,749000.0,746000.0,749925.0,776950.0,769000.0,755975.0,754975.0,782500.0,789000.0,781500.0,792000.0,809000.0,818500.0,799000.0,769995.0,778944.0,789000.0,789000.0,789000.0,799999.0,829000.0,849000.0
2920,91316,Los Angeles,CA,Los Angeles-Long Beach-Anaheim,Los Angeles,2920,,,,,,,,,,,,,,,,,,,,,,,,,,,,,,,,,,,,,,,,,,,,,,,499900.0,489000.0,469000.0,479000.0,469000.0,479000.0,499000.0,524999.5,569950.0,575000.0,549900.0,579500.0,549000.0,527000.0,549000.0,550000.0,587000.0,569250.0,609475.0,582000.0,575000.0,599000.0,585000.0,585000.0,603500.0,694975.0,699000.0,699000.0,739000.0,694499.5,719900.0,721999.5,674900.0,654994.5,629999.0,649000.0,699000.0,694000.0,695000.0,704450.0,732500.0,759000.0,749450.0,715999.0,734888.5,729700.0,709000.0,699000.0,721126.0,750000.0,790000.0
2935,90064,Los Angeles,CA,Los Angeles-Long Beach-Anaheim,Los Angeles,2935,,,,,,,,,,,,,,,,,,,,,,,,,,,,,,,,,,,,,,,,,,,,,,,,,,,,,,,,,,,,,,,,,,,,,,,,,,1297000.0,1249500.0,1375000.0,1290000.0,1289000.0,1297000.0,1395000.0,1349000.0,1449000.0,1449000.0,1599000.0,1600000.0,1400000.0,1550000.0,1414500.0,1275000.0,1239000.0,1299000.0,1250000.0,1467500.0,1549000.0,1604944.0,1591500.0,1699000.0
3102,90039,Los Angeles,CA,Los Angeles-Long Beach-Anaheim,Los Angeles,3103,,,,,,,,,,,,,,,,,,,,,,,,,,,,,,,,,,,,,,,,,,,,,,649000.0,650000.0,639000.0,647000.0,699000.0,699900.0,662499.5,754000.0,749000.0,749000.0,679000.0,749000.0,689000.0,649925.0,699000.0,700000.0,769000.0,710000.0,799000.0,802000.0,769450.0,799000.0,799000.0,799000.0,809000.0,825000.0,839000.0,858000.0,859000.0,869950.0,859000.0,854000.0,857742.5,849000.0,839900.0,832450.0,855000.0,882925.0,897745.0,885317.5,872745.0,850000.0,898000.0,899500.0,943660.0,943660.0,992500.0,999900.0,989000.0,899949.5,900000.0,999000.0
3104,90002,Los Angeles,CA,Los Angeles-Long Beach-Anaheim,Los Angeles,3105,,,,,,,,,,,,,,,,,,,,,,,,,,,,,,,,,,,,,,,,,,,,,,,210600.0,219900.0,222500.0,225000.0,219500.0,227000.0,245000.0,248944.0,250000.0,249450.0,250000.0,254800.0,240000.0,219500.0,250000.0,259450.0,259950.0,257000.0,259000.0,259000.0,260750.0,269250.0,272695.0,275000.0,270000.0,275000.0,290000.0,298500.0,295000.0,295000.0,289250.0,299000.0,284450.0,300000.0,290000.0,300000.0,300000.0,300000.0,305000.0,314900.0,310000.0,317000.0,317450.0,310000.0,315000.0,325000.0,330000.0,337000.0,345000.0,339900.0,350000.0
3158,91403,Los Angeles,CA,Los Angeles-Long Beach-Anaheim,Los Angeles,3159,,,,,,,,,,,,,,,,,,,,,,,,,,,,,,,,,,,,,,,,,,,,,,,839000.0,879000.0,799900.0,799000.0,719500.0,799000.0,925000.0,849000.0,879000.0,849475.0,899000.0,814425.0,795000.0,925000.0,925000.0,860000.0,925000.0,999250.0,897000.0,892000.0,925000.0,888000.0,999000.0,999000.0,950000.0,1075000.0,1150000.0,1150000.0,1119500.0,1150000.0,1189500.0,1189000.0,1170000.0,1150000.0,1150000.0,1224500.0,1277500.0,1199000.0,1197000.0,1199000.0,1199450.0,1195000.0,1125000.0,1119000.0,1119000.0,1189450.0,1181950.0,1199500.0,1185000.0,1200000.0,1137500.0
3166,91325,Los Angeles,CA,Los Angeles-Long Beach-Anaheim,Los Angeles,3167,,,,,,,,,,,,,,,,,,,,,,,,,,,,,,,,,,,,,,,,,,,,,,,544925.0,539900.0,457000.0,475000.0,479990.0,549500.0,599000.0,579000.0,582995.0,588445.0,590780.5,562970.0,575000.0,540000.0,499450.0,534000.0,540000.0,622000.0,619000.0,599950.0,614000.0,629900.0,612500.0,649900.0,650000.0,639000.0,651480.0,681500.0,694389.0,699000.0,704499.5,709000.0,697497.5,649000.0,630450.0,632000.0,642450.0,676944.0,690030.0,675000.0,699974.0,699974.5,719900.0,699950.0,657022.0,699500.0,699974.5,699950.0,699749.5,699000.0,699000.0
3182,90017,Los Angeles,CA,Los Angeles-Long Beach-Anaheim,Los Angeles,3180,,,,,,,,,,,,,,,,,,,,,,,,,,,,,,,,,,,,,,,,,,,,,,,,,,,,,,,,,,,,,,,,,,,,,,,,,,,,859615.0,838500.0,828500.0,816000.0,849999.0,849999.0,849499.5,864615.0,880230.0,864615.0,849000.0,848000.0,859115.0,858800.0,829000.0,822500.0,820000.0,836000.0,828900.0,833500.0,838000.0,884115.0
3256,91352,Los Angeles,CA,Los Angeles-Long Beach-Anaheim,Los Angeles,3257,,,,,,,,,,,,,,,,,,,,,,,,,,,,,,,,,,,,,,,,,,,,,,,395000.0,380000.0,350000.0,375000.0,389900.0,399990.0,415000.0,415000.0,435000.0,432500.0,429995.0,430000.0,407000.0,386999.0,395593.0,383300.0,399000.0,399950.0,424950.0,416000.0,417000.0,429000.0,421000.0,419000.0,427000.0,409250.0,419900.0,434950.0,434972.5,449900.0,462000.0,462000.0,469000.0,462000.0,450000.0,459950.0,450000.0,477000.0,470000.0,472500.0,484487.0,499000.0,495000.0,500005.0,542000.0,519000.0,525000.0,495000.0,499900.0,499950.0,507449.5
3259,91356,Los Angeles,CA,Los Angeles-Long Beach-Anaheim,Los Angeles,3260,,,,,,,,,,,,,,,,,,,,,,,,,,,,,,,,,,,,,,,,,,,,,,,,,,,,,,,,,,,,,,,899950.0,947000.0,998500.0,977499.5,984500.0,969000.0,899000.0,875000.0,977500.0,995000.0,914500.0,889500.0,869500.0,904999.5,849950.0,949000.0,1000000.0,999000.0,995000.0,1099000.0,999000.0,1075000.0,1024499.5,954000.0,927000.0,975000.0,1149000.0,1141950.0,1177000.0,1175000.0,1149999.0,1099000.0,1149999.0,1192000.0,1187000.0
3324,90031,Los Angeles,CA,Los Angeles-Long Beach-Anaheim,Los Angeles,3324,,,,,,,,,,,,,,,,,,,,,,,,,,,,,,,,,,,,,,,,,,,,,,,,,439000.0,445250.0,428200.0,400000.0,429000.0,449000.0,444500.0,422500.0,425000.0,424000.0,381500.0,399000.0,414450.0,448888.0,448888.0,434500.0,414450.0,445844.0,448888.0,477000.0,430000.0,442500.0,430000.0,414950.0,399000.0,419950.0,399000.0,432000.0,414000.0,449000.0,469900.0,498947.0,499000.0,499000.0,549000.0,547000.0,499000.0,567000.0,565000.0,595995.0,554999.5,559999.0,565000.0,577000.0,565000.0,588944.0,687000.0,687000.0,600000.0
4052,91364,Los Angeles,CA,Los Angeles-Long Beach-Anaheim,Los Angeles,4053,,,,,,,,,,,,,,,,,,,,,,,,,,,,,,,,,,,,,,,,,,,,,,,736797.5,749000.0,749000.0,725000.0,699949.5,724500.0,740500.0,748500.0,795000.0,799000.0,785000.0,787450.0,764450.0,785000.0,785000.0,772000.0,790000.0,799000.0,799000.0,799000.0,815000.0,845950.0,859000.0,869000.0,864500.0,874999.0,892500.0,866500.0,849725.0,844500.0,875000.0,898000.0,850000.0,899000.0,869000.0,854500.0,849950.0,849975.0,862620.0,884450.0,859000.0,869000.0,889000.0,888000.0,879500.0,899999.5,939000.0,949000.0,929000.0,929000.0,929000.0
4065,90041,Los Angeles,CA,Los Angeles-Long Beach-Anaheim,Los Angeles,4065,,,,,,,,,,,,,,,,,,,,,,,,,,,,,,,,,,,,,,,,,,,,,,,637900.0,624900.0,599000.0,599000.0,650000.0,689000.0,699000.0,699000.0,697000.0,649000.0,624000.0,654000.0,668000.0,675000.0,699000.0,699000.0,700000.0,739000.0,719000.0,749499.5,779000.0,769000.0,749000.0,699000.0,699450.0,714500.0,719000.0,749944.0,754500.0,795500.0,750000.0,750000.0,739475.0,724000.0,724000.0,800000.0,854000.0,849750.0,799888.0,787000.0,798000.0,796250.0,799700.0,826500.0,799250.0,860000.0,799700.0,829000.0,849950.0,842450.0,889000.0
4091,90059,Los Angeles,CA,Los Angeles-Long Beach-Anaheim,Los Angeles,4092,,,,,,,,,,,,,,,,,,,,,,,,,,,,,,,,,,,,,,,,,,,,,,,224999.5,220000.0,226950.0,243400.0,237000.0,239000.0,246500.0,249000.0,248500.0,239250.0,250000.0,249900.0,249500.0,249000.0,250000.0,252500.0,250000.0,252350.0,249000.0,254900.0,257500.0,265000.0,280000.0,282450.0,279950.0,289495.0,290000.0,290000.0,291000.0,290000.0,299999.0,299900.0,307000.0,309999.0,320000.0,319450.0,319900.0,310000.0,310000.0,325000.0,328500.0,334950.0,335000.0,335000.0,340000.0,347000.0,355000.0,350000.0,356000.0,350000.0,350000.0
4101,90015,Los Angeles,CA,Los Angeles-Long Beach-Anaheim,Los Angeles,4101,,,,,,,,,,,,,,,,,,,,,,,,,,,,,,,,,,,,,,,,,,,,,,,629750.0,629000.0,597000.0,641500.0,649000.0,688000.0,630000.0,588500.0,599000.0,599000.0,634500.0,649500.0,644000.0,649000.0,639000.0,644000.0,643500.0,669000.0,683000.0,680000.0,674500.0,660000.0,694000.0,715000.0,719000.0,721500.0,699450.0,699000.0,696500.0,679000.0,679000.0,761950.0,725000.0,720000.0,724950.0,769000.0,749900.0,749950.0,772000.0,749950.0,748950.0,780000.0,788000.0,799000.0,789500.0,799000.0,814500.0,799000.0,815499.5,749950.0,765000.0
4201,91042,Los Angeles,CA,Los Angeles-Long Beach-Anaheim,Los Angeles,4201,,,,,,,,,,,,,,,,,,,,,,,,,,,,,,,,,,,,,,,,,,,,,,,449000.0,456000.0,450000.0,465000.0,462500.0,469750.0,465000.0,495000.0,515000.0,510000.0,515000.0,515000.0,525000.0,515000.0,525000.0,494000.0,505000.0,519000.0,499250.0,499000.0,499000.0,499900.0,499900.0,522449.5,539450.0,549950.0,549450.0,538500.0,538500.0,545000.0,530000.0,549000.0,540000.0,529000.0,538500.0,539935.0,540000.0,547000.0,540000.0,569900.0,599000.0,600000.0,597000.0,566000.0,583000.0,589000.0,567482.5,560000.0,548800.0,577000.0,569000.0
4278,91602,Los Angeles,CA,Los Angeles-Long Beach-Anaheim,Los Angeles,4279,,,,,,,,,,,,,,,,,,,,,,,,,,,,,,,,,,,,,,,,,,,,,,632450.0,635000.0,635000.0,637000.0,619000.0,599000.0,675000.0,629950.0,668499.5,622475.0,693000.0,687000.0,644500.0,599999.0,650000.0,622500.0,625000.0,678000.0,625000.0,699000.0,670000.0,689000.0,649000.0,649000.0,675000.0,675000.0,654500.0,649000.0,624250.0,649000.0,675000.0,699000.0,732444.0,720444.0,707450.0,719000.0,725000.0,762000.0,799000.0,874489.0,799000.0,774000.0,794000.0,799499.5,763000.0,777000.0,807000.0,780000.0,889500.0,890000.0,949000.0,979999.0
4402,90272,Los Angeles,CA,Los Angeles-Long Beach-Anaheim,Los Angeles,4403,,,,,,,,,,,,,,,,,,,,,,,,,,,,,,,,,,,,,,,,,,,,,,,2807500.0,2820000.0,2699000.0,2831000.0,2695000.0,2541500.0,2724500.0,2650000.0,2650000.0,2495000.0,2725000.0,2900000.0,2995000.0,3385000.0,3495000.0,3300000.0,2995000.0,2762500.0,3195000.0,2972500.0,2800000.0,2795500.0,2854500.0,2945000.0,2995000.0,3100000.0,2799000.0,2886500.0,2898000.0,2875000.0,2997000.0,3250000.0,3250000.0,3272500.0,3222500.0,3395000.0,3447500.0,3549000.0,3395000.0,3299900.0,3395000.0,3322450.0,3299000.0,3224500.0,3299800.0,3395000.0,3395000.0,3495000.0,3490000.0,3750000.0,3595000.0
4429,91324,Los Angeles,CA,Los Angeles-Long Beach-Anaheim,Los Angeles,4429,,,,,,,,,,,,,,,,,,,,,,,,,,,,,,,,,,,,,,,,,,,,,,,,,,537000.0,490000.0,537000.0,549000.0,542000.0,529999.0,499900.0,499000.0,499925.0,499000.0,479950.0,496472.5,530750.0,495472.5,529000.0,544450.0,534000.0,529000.0,529000.0,535000.0,525000.0,529950.0,577475.0,602000.0,599000.0,595000.0,599000.0,599000.0,624450.0,599575.0,599900.0,599000.0,599000.0,599749.5,598450.0,599000.0,591960.0,609000.0,610000.0,629999.0,629949.5,629900.0,624949.5,619900.0,599950.0,633900.0,626240.0,617900.0
4473,91303,Los Angeles,CA,Los Angeles-Long Beach-Anaheim,Los Angeles,4474,,,,,,,,,,,,,,,,,,,,,,,,,,,,,,,,,,,,,,,,,,,,,,,,,,,,,,,,,,,,,,,,,,,,,,,,,,,339750.0,334500.0,347000.0,369450.0,434000.0,494000.0,492500.0,502500.0,515000.0,500000.0,500000.0,512500.0,469000.0,479000.0,459450.0,462425.0,464950.0,517000.0,515000.0,522500.0,549250.0,549000.0,549000.0
4515,90062,Los Angeles,CA,Los Angeles-Long Beach-Anaheim,Los Angeles,4515,,,,,,,,,,,,,,,,,,,,,,,,,,,,,,,,,,,,,,,,,,,,,,,299999.0,299000.0,299000.0,299900.0,315000.0,330000.0,317000.0,325000.0,349999.0,342000.0,325000.0,330000.0,349999.0,337450.0,344900.0,348950.0,349900.0,349999.5,350000.0,346750.0,349000.0,349000.0,359000.0,359950.0,374900.0,359950.0,360500.0,360000.0,365000.0,365000.0,365000.0,380000.0,389000.0,395000.0,415000.0,419457.0,419500.0,410000.0,429000.0,434450.0,449000.0,429900.0,452000.0,459000.0,480000.0,480000.0,483000.0,492000.0,485000.0,500000.0,500000.0
4650,90210,Los Angeles,CA,Los Angeles-Long Beach-Anaheim,Los Angeles,4651,,,,,,,,,,,,,,,,,,,,,,,,,,,,,,,,,,,,,,,,,,,,,,,,,,,,,,,,,,,,,,,,,,,,,,,,,5345000.0,5345000.0,5122500.0,5500000.0,5750000.0,5800000.0,5499000.0,5295000.0,5295000.0,5725000.0,5800000.0,5974000.0,5495000.0,5475000.0,5285000.0,5025000.0,4850000.0,5195000.0,5592500.0,5695000.0,5995000.0,5445000.0,5497500.0,6395000.0,5990000.0
4724,91411,Los Angeles,CA,Los Angeles-Long Beach-Anaheim,Los Angeles,4725,,,,,,,,,,,,,,,,,,,,,,,,,,,,,,,,,,,,,,,,,,,,,,,,,,,,,,,,,,,,,,,,,,,,,,,,,629900.0,629000.0,643000.0,639000.0,699000.0,678500.0,625000.0,635000.0,652000.0,646944.0,649888.0,624900.0,622425.0,655000.0,649000.0,650000.0,712500.0,729000.0,729000.0,729000.0,729900.0,719500.0,739500.0,728000.0,739500.0
4753,90710,Los Angeles,CA,Los Angeles-Long Beach-Anaheim,Los Angeles,4753,,,,,,,,,,,,,,,,,,,,,,,,,,,,,,,,,,,,,,,,,,,,,,,388700.0,374250.0,373500.0,399450.0,412500.0,399900.0,439000.0,449000.0,444000.0,449500.0,455499.5,414500.0,388000.0,340000.0,370000.0,419000.0,417000.0,415000.0,434700.0,445750.0,449000.0,447000.0,449000.0,449000.0,444000.0,444450.0,389444.0,455000.0,459450.0,484950.0,504450.0,499900.0,524450.0,499900.0,499000.0,526995.0,529000.0,550000.0,539000.0,500000.0,490000.0,490000.0,490000.0,480000.0,484888.0,537500.0,532450.0,535000.0,539000.0,513500.0,534000.0
5049,90732,Los Angeles,CA,Los Angeles-Long Beach-Anaheim,Los Angeles,5048,,,,,,,,,,,,,,,,,,,,,,,,,,,,,,,,,,,,,,,,,,,,,,,449000.0,420000.0,444500.0,459000.0,470000.0,447000.0,450000.0,459000.0,450000.0,440000.0,439000.0,449500.0,450000.0,444900.0,439000.0,429000.0,445000.0,445000.0,471500.0,489000.0,479900.0,459250.0,449000.0,482900.0,499000.0,499000.0,499000.0,510000.0,507450.0,495000.0,505000.0,501950.0,499000.0,499000.0,520000.0,510000.0,537000.0,549000.0,575000.0,532000.0,535000.0,519000.0,585000.0,557400.0,589000.0,571000.0,554450.0,541950.0,555000.0,555000.0,599500.0
5249,91307,Los Angeles,CA,Los Angeles-Long Beach-Anaheim,Los Angeles,5250,,,,,,,,,,,,,,,,,,,,,,,,,,,,,,,,,,,,,,,,,,,,,,,577250.0,599000.0,619450.0,634000.0,589500.0,629000.0,610000.0,599949.5,599450.0,589000.0,599900.0,589000.0,599450.0,588000.0,599000.0,599950.0,600000.0,638999.0,645000.0,620500.0,629999.0,626995.0,642000.0,658500.0,669000.0,664000.0,653999.5,671999.5,659000.0,689900.0,679900.0,649900.0,639900.0,642000.0,637000.0,649250.0,649000.0,642000.0,649000.0,649000.0,669900.0,690394.0,669900.0,669900.0,679000.0,689000.0,699000.0,699900.0,699925.0,699994.5,729975.0
5497,91340,Los Angeles,CA,Los Angeles-Long Beach-Anaheim,Los Angeles,5498,,,,,,,,,,,,,,,,,,,,,,,,,,,,,,,,,,,,,,,,,,,,,,,329000.0,320100.0,339475.0,351950.0,339999.0,344499.5,335000.0,344499.5,350000.0,349949.5,339900.0,349999.0,339950.0,349900.0,369000.0,365000.0,344000.0,345000.0,357200.0,359925.0,369999.0,375000.0,369999.0,363499.5,379000.0,374950.0,343500.0,375000.0,372500.0,399950.0,404950.0,409900.0,422499.5,419999.5,419450.0,419900.0,399000.0,422475.0,424950.0,410000.0,425000.0,420000.0,419000.0,417900.0,411949.5,430375.0,469000.0,475000.0,475000.0,472500.0,480000.0
5658,91040,Los Angeles,CA,Los Angeles-Long Beach-Anaheim,Los Angeles,5658,,,,,,,,,,,,,,,,,,,,,,,,,,,,,,,,,,,,,,,,,,,,,,,437450.0,430000.0,425000.0,425000.0,450000.0,488500.0,480000.0,499000.0,510000.0,479000.0,477000.0,450000.0,461500.0,454900.0,479450.0,479000.0,529900.0,549000.0,545000.0,522000.0,516500.0,537000.0,499400.0,504797.0,529000.0,533700.0,554450.0,575000.0,557000.0,539000.0,529000.0,599497.5,599995.0,593000.0,571000.0,580000.0,594000.0,604089.5,619000.0,650000.0,657500.0,644500.0,597000.0,599000.0,585000.0,599497.5,585000.0,598000.0,598999.5,634500.0,612499.5
5663,90061,Los Angeles,CA,Los Angeles-Long Beach-Anaheim,Los Angeles,5664,,,,,,,,,,,,,,,,,,,,,,,,,,,,,,,,,,,,,,,,,,,,,,,229950.0,229900.0,219500.0,235000.0,245000.0,242500.0,250944.0,250944.0,285000.0,285000.0,280000.0,272499.5,257450.0,267450.0,269999.0,285000.0,275000.0,272500.0,285000.0,287450.0,319990.0,322449.5,318000.0,316000.0,309990.0,310000.0,313995.0,309000.0,310000.0,329500.0,324950.0,319000.0,314999.0,321950.0,327400.0,325000.0,340000.0,349950.0,344950.0,329950.0,340000.0,340000.0,340000.0,369000.0,350000.0,347500.0,340000.0,351077.0,345000.0,350000.0,375000.0
6808,91436,Los Angeles,CA,Los Angeles-Long Beach-Anaheim,Los Angeles,6809,,,,,,,,,,,,,,,,,,,,,,,,,,,,,,,,,,,,,,,,,,,,,,,,,,,,,,,,,,,,,,1495000.0,1475000.0,1477000.0,1499999.0,1572500.0,1649000.0,1799000.0,1699000.0,1699000.0,1749000.0,1749000.0,1735000.0,1647663.0,1735000.0,1679000.0,1695000.0,1664500.0,1695500.0,1700000.0,1699000.0,1801000.0,1799500.0,1893000.0,1899499.5,1900000.0,1899000.0,1925000.0,1925000.0,1862000.0,1812500.0,1862000.0,1897000.0,1924999.5,2199000.0,2197000.0,2275000.0
